Fabio,Giuseppe,Ilaria,Valerio
Stefania,Nicolo,Valerio,Gaia
Gaia,Edel,Nicolo,Fabio
Nicolo,Gaia,Egidio,Edel
Valerio,Fabio,Gabriele,Edel
Nicolo,Emilia,Egidio,Fabio
Ilaria,Jody,Emilia,Stefano
Jody,Emilia,Ilaria,Stefania
Davide,Edel,Fabio,Vincenzo
Edel,Giuseppe,Stefano,Isabel
Stefania,Stefano,Valerio,Nicolo
Stefania,Emilia,Ilaria,Nicolo
Fabio,Stefano,Simone,Vincenzo
Gaia,Giuseppe,Jody,Simone
Jody,Gaia,Simone,Edel
Stefania,Simone,Gaia,Gabriele
Ilaria,Vincenzo,Nicolo,Isabel
Fabio,Gabriele,Simone,Isabel
Nicolo,Edel,Ilaria,Giuseppe
Ilaria,Stefano,Vincenzo,Isabel
Egidio,Vincenzo,Jody,Edel
Jody,Egidio,Simone,Gabriele
Jody,Giuseppe,Egidio,Emilia
Egidio,Giuseppe,Davide,Vincenzo
Gabriele,Giuseppe,Valerio,Simone
Nicolo,Stefano,Egidio,Isabel
Valerio,Stefano,Emilia,Giuseppe
Davide,Emilia,Ilaria,Edel
Stefania,Giuseppe,Ilaria,Emilia
Egidio,Stefano,Fabio,Isabel
Davide,Stefano,Jody,Vincenzo
Nicolo,Simone,Emilia,Vincenzo
Gaia,Stefano,Egidio,Simone
Nicolo,Gabriele,Gaia,Davide
Edel,Isabel,Valerio,Emilia
Valerio,Vincenzo,Emilia,Edel
Jody,Fabio,Davide,Isabel
Davide,Gabriele,Stefano,Vincenzo
Fabio,Davide,Ilaria,Isabel
Giuseppe,Isabel,Ilaria,Gabriele
Stefania,Gabriele,Simone,Emilia
Stefania,Gaia,Jody,Nicolo
Emilia,Gabriele,Valerio,Isabel
Valerio,Edel,Stefania,Davide
Valerio,Stefania,Gaia,Isabel
Simone,Fabio,Ilaria,Gaia
Nicolo,Vincenzo,Jody,Stefano
Stefania,Isabel,Gaia,Simone
Stefania,Egidio,Gaia,Fabio
Jody,Davide,Valerio,Giuseppe
Vincenzo,Edel,Ilaria,Davide
Ilaria,Fabio,Egidio,Gaia
Stefania,Vincenzo,Jody,Gabriele
Gaia,Emilia,Valerio,Egidio
Jody,Valerio,Stefano,Gabriele
Jody,Stefania,Vincenzo,Gabriele
Gaia,Vincenzo,Jody,Isabel
Valerio,Gabriele,Vincenzo,Giuseppe
Emilia,Isabel,Ilaria,Egidio
Stefania,Edel,Nicolo,Egidio
Stefano,Edel,Fabio,Emilia
Gabriele,Isabel,Simone,Giuseppe
Egidio,Davide,Stefano,Giuseppe
Egidio,Gabriele,Simone,Davide
Ilaria,Simone,Nicolo,Davide
Nicolo,Giuseppe,Stefania,Fabio
Fabio,Edel,Davide,Giuseppe
Valerio,Davide,Simone,Stefano,